% Model,MFT_3_5_1.mph,,,,,,,,,,,,,,,,,,,,,,,,,,,,,,,,,,,,,,,,,,,
% Version,COMSOL 6.1.0.357,,,,,,,,,,,,,,,,,,,,,,,,,,,,,,,,,,,,,,,,,,,
% Date,"Apr 26 2024, 19:45",,,,,,,,,,,,,,,,,,,,,,,,,,,,,,,,,,,,,,,,,,,
% Table,Table 4 - ,,,,,,,,,,,,,,,,,,,,,,,,,,,,,,,,,,,,,,,,,,,
% hw1 (mm),hw2 (mm),dw1 (mm),dw2 (mm),lcs (mm),dcs (mm),dww_ii_x (mm),dww_oo_x (mm),dww_x (mm),lcore_x1 (mm),lcore_x2 (mm),lcore_y1 (mm),lcore_y2 (mm),dc2c (mm),dsm_i (mm),Nlayer_analysis_i,thick_first_layer_i,thick_first_layer_o,Nlayer_analysis_o,dsm_o (mm),freq,mf.Qrh*8/(2*Is/sqrt(2))^2 (W),mf.Qrh*8/(2*Is/sqrt(2))^2 (W),mf.Qrh*8/(2*Is/sqrt(2))^2 (W),mf.Qrh*8/(2*Is/sqrt(2))^2 (W),mf.Qrh*8/(2*Is/sqrt(2))^2 (W),mf.Qrh*8/(2*Is/sqrt(2))^2 (W),mf.Qrh*8/(2*Ip/sqrt(2))^2 (W),mf.Qrh*8/(2*Ip/sqrt(2))^2 (W),mf.Qrh*8/(2*Ip/sqrt(2))^2 (W),mf.Qrh*8/(2*Ip/sqrt(2))^2 (W),mf.Qrh*8/(2*Ip/sqrt(2))^2 (W),mf.Qrh*8/(2*Ip/sqrt(2))^2 (W),real(mf.AX*mf.JX+mf.AY*mf.JY+mf.AZ*mf.JZ)/((2*Is)^2)*8 (J),real(mf.AX*mf.JX+mf.AY*mf.JY+mf.AZ*mf.JZ)/((2*Is)^2)*8 (J),real(mf.AX*mf.JX+mf.AY*mf.JY+mf.AZ*mf.JZ)/((2*Is)^2)*8 (J),real(mf.AX*mf.JX+mf.AY*mf.JY+mf.AZ*mf.JZ)/((2*Is)^2)*8 (J),real(mf.AX*mf.JX+mf.AY*mf.JY+mf.AZ*mf.JZ)/((2*Is)^2)*8 (J),real(mf.AX*mf.JX+mf.AY*mf.JY+mf.AZ*mf.JZ)/((2*Is)^2)*8 (J),real(mf.AX*mf.JX+mf.AY*mf.JY+mf.AZ*mf.JZ)/((2*Ip)^2)*8 (J),real(mf.AX*mf.JX+mf.AY*mf.JY+mf.AZ*mf.JZ)/((2*Ip)^2)*8 (J),real(mf.AX*mf.JX+mf.AY*mf.JY+mf.AZ*mf.JZ)/((2*Ip)^2)*8 (J),real(mf.AX*mf.JX+mf.AY*mf.JY+mf.AZ*mf.JZ)/((2*Ip)^2)*8 (J),real(mf.AX*mf.JX+mf.AY*mf.JY+mf.AZ*mf.JZ)/((2*Ip)^2)*8 (J),real(mf.AX*mf.JX+mf.AY*mf.JY+mf.AZ*mf.JZ)/((2*Ip)^2)*8 (J)
70,60,0.1,0.3,64,8,0.2,0.1,1,3.5,3,4,3.5,0,1,1,0.1,0.1,2,1,10,0.000448713,0.000455325,0.000465114,0,0,0,0.000255061,0.00023505,0.000222148,0.000216712,0.000219838,0,8.84462E-09,7.78947E-09,5.65291E-09,0,0,0,1.21376E-08,1.81375E-08,2.26122E-08,2.55032E-08,2.67046E-08,0
70,70,0.1,0.3,74,6,0.3,0.2,5.5,2.5,6,1.5,3,0,1,1,0.1,0.1,2,1,10,0.000469896,0.000475684,0.000482664,0,0,0,0.000258195,0.000237865,0.000223943,0.000216624,0.000216421,0,3.73607E-08,3.61758E-08,3.3615E-08,0,0,0,4.399E-08,5.16856E-08,5.74681E-08,6.12654E-08,6.29756E-08,0
30,25,0.1,0.1,22,22,0.1,0.2,2.5,2.5,4.5,1.5,6,0,1,1,0.1,0.1,1,1,10,0.000833353,0.000839219,0.000846955,0,0,0,0.00120456,0.00122326,0.00124106,0.00125716,0.0012722,0,2.85789E-08,2.75277E-08,2.52441E-08,0,0,0,4.16562E-08,4.98153E-08,5.56735E-08,5.91858E-08,6.0312E-08,0
65,55,0.2,0.3,66,18,0.2,0.2,4,1.5,3,3.5,4,0,1,1,0.1,0.1,2,1,10,0.000282569,0.00028574,0.000293729,0,0,0,0.000378478,0.00035491,0.000341719,0.000340329,0.000354536,0,3.11692E-08,2.96311E-08,2.63907E-08,0,0,0,5.18192E-08,6.17057E-08,6.89393E-08,7.34128E-08,7.48601E-08,0
30,20,0.1,0.1,76,16,0.2,0.3,5.5,4,3,3.5,3.5,0,1,1,0.1,0.1,1,1,10,0.00137348,0.00137922,0.00138744,0,0,0,0.00279664,0.00286001,0.002912,0.00295008,0.00297822,0,7.70918E-08,7.46692E-08,6.92576E-08,0,0,0,1.94619E-07,2.14507E-07,2.28171E-07,2.35456E-07,2.36295E-07,0
20,15,0.1,0.3,56,20,0.1,0.1,3,1,6,4,5.5,0,1,1,0.1,0.1,2,1,10,0.00171208,0.0017165,0.00172048,0,0,0,0.00117046,0.00113261,0.00111237,0.00110739,0.00112004,0,7.59866E-08,7.40208E-08,6.96706E-08,0,0,0,8.01061E-08,1.01338E-07,1.16233E-07,1.24587E-07,1.26097E-07,0
30,20,0.3,0.1,32,36,0.2,0.2,5,1,4.5,1.5,4,0,1,2,0.1,0.1,1,1,10,0.000463711,0.000468544,0.000519456,0,0,0,0.0024826,0.00251088,0.00253446,0.00255141,0.00256532,0,7.86062E-08,7.50952E-08,6.67298E-08,0,0,0,1.47965E-07,1.61308E-07,1.70289E-07,1.74834E-07,1.74932E-07,0
50,45,0.1,0.2,64,8,0.3,0.1,0.5,1.5,6,1.5,5,0,1,1,0.1,0.1,1,1,10,0.000570763,0.00058049,0.000594195,0,0,0,0.000369149,0.00036469,0.000363085,0.000364067,0.000367914,0,9.61058E-09,7.88985E-09,4.36563E-09,0,0,0,7.42532E-09,1.29628E-08,1.70786E-08,1.9742E-08,2.09109E-08,0
25,25,0.2,0.1,26,34,0.3,0.3,3.5,3,4.5,1.5,3,0,1,1,0.1,0.1,1,1,10,0.000804516,0.000805891,0.000815821,0,0,0,0.00167564,0.0017047,0.00173363,0.00175945,0.00178175,0,7.31713E-08,6.97896E-08,6.12964E-08,0,0,0,6.71341E-08,8.24728E-08,9.35063E-08,1.00185E-07,1.02447E-07,0
70,65,0.2,0.2,40,26,0.2,0.3,5.5,1,5.5,1.5,3.5,0,1,1,0.1,0.1,1,1,10,0.000242903,0.000246275,0.000251657,0,0,0,0.000353295,0.000351395,0.000352105,0.000355375,0.00036243,0,3.82551E-08,3.70074E-08,3.43669E-08,0,0,0,4.66734E-08,5.47338E-08,6.06927E-08,6.44711E-08,6.59613E-08,0
50,35,0.3,0.2,36,8,0.2,0.3,5,1.5,3.5,2,3,0,1,2,0.1,0.1,1,1,10,0.000135366,0.000146088,0.00017766,0,0,0,0.000486926,0.000495421,0.000507054,0.000521917,0.000543402,0,2.53554E-08,2.39876E-08,2.08937E-08,0,0,0,6.36062E-08,7.25185E-08,7.88989E-08,8.2598E-08,8.33826E-08,0
45,30,0.1,0.2,58,10,0.1,0.1,1.5,3.5,3,2,4.5,0,1,1,0.1,0.1,1,1,10,0.000763436,0.000774406,0.000792058,0,0,0,0.000624742,0.000624363,0.00062799,0.000635895,0.000649599,0,1.25689E-08,1.12397E-08,8.57923E-09,0,0,0,3.9424E-08,4.75677E-08,5.34496E-08,5.69972E-08,5.81113E-08,0
50,40,0.1,0.1,40,26,0.3,0.2,6,2.5,4.5,1,6,0,1,1,0.1,0.1,1,1,10,0.000685034,0.000691018,0.000698283,0,0,0,0.00116383,0.00117737,0.00118974,0.00120053,0.0012115,0,4.92894E-08,4.75041E-08,4.36945E-08,0,0,0,9.80981E-08,1.05666E-07,1.11005E-07,1.14066E-07,1.1482E-07,0
60,35,0.1,0.1,44,18,0.1,0.3,5,2.5,5,2,6,0,1,1,0.1,0.1,1,1,10,0.000550368,0.000555382,0.000564238,0,0,0,0.0011833,0.00120982,0.00123378,0.00125482,0.00127558,0,2.60505E-08,2.51414E-08,2.32981E-08,0,0,0,9.49774E-08,1.04372E-07,1.10913E-07,1.14504E-07,1.15074E-07,0
25,15,0.3,0.2,78,20,0.1,0.2,4.5,3.5,4,4,3,0,1,2,0.1,0.1,1,1,10,0.000633086,0.000635731,0.0006812,0,0,0,0.00217314,0.00220481,0.00223394,0.00225763,0.00228187,0,8.61259E-08,8.24522E-08,7.32869E-08,0,0,0,2.15242E-07,2.40829E-07,2.57898E-07,2.66216E-07,2.65564E-07,0
45,30,0.3,0.2,48,18,0.1,0.3,5,2.5,3,4,5,0,1,2,0.1,0.1,1,1,10,0.000246567,0.000252538,0.000283578,0,0,0,0.00083584,0.000849119,0.000867033,0.000890071,0.000923792,0,4.01351E-08,3.83715E-08,3.41936E-08,0,0,0,1.06841E-07,1.21107E-07,1.31089E-07,1.36581E-07,1.37252E-07,0
20,20,0.3,0.1,68,32,0.3,0.3,1,2.5,6,1,5,0,1,2,0.1,0.1,1,1,10,0.000882169,0.000877006,0.000900552,0,0,0,0.0025081,0.00255158,0.0025977,0.00263841,0.00266955,0,6.51372E-08,5.76304E-08,3.98131E-08,0,0,0,2.68605E-08,5.19255E-08,7.01029E-08,8.14511E-08,8.59576E-08,0
30,30,0.2,0.2,48,6,0.3,0.3,5,3,5,3,5,0,1,1,0.1,0.1,1,1,10,0.000457167,0.000459042,0.000461708,0,0,0,0.000580709,0.000594793,0.000610411,0.000626822,0.000644691,0,5.31375E-08,5.12406E-08,4.63721E-08,0,0,0,6.77284E-08,8.00029E-08,8.89938E-08,9.45354E-08,9.64204E-08,0
25,15,0.1,0.1,26,36,0.2,0.1,3.5,3.5,3.5,3,5,0,1,1,0.1,0.1,1,1,10,0.00149236,0.00150688,0.00153339,0,0,0,0.00312777,0.00314198,0.00315562,0.00316773,0.00318173,0,5.71128E-08,5.43154E-08,4.81483E-08,0,0,0,1.48184E-07,1.59118E-07,1.66293E-07,1.69675E-07,1.69273E-07,0
20,20,0.2,0.1,36,36,0.3,0.3,5,1.5,4,2,4,0,1,1,0.1,0.1,1,1,10,0.00118424,0.00117716,0.00117293,0,0,0,0.0023787,0.00243074,0.00247695,0.00251364,0.0025406,0,1.28983E-07,1.24695E-07,1.13606E-07,0,0,0,1.17358E-07,1.37158E-07,1.51106E-07,1.59143E-07,1.6121E-07,0
65,55,0.2,0.2,70,12,0.2,0.2,4,3,5,1,4,0,1,1,0.1,0.1,1,1,10,0.000270606,0.000275089,0.000284555,0,0,0,0.000439933,0.000438803,0.000440453,0.000445081,0.000454638,0,2.9384E-08,2.78398E-08,2.46173E-08,0,0,0,5.25334E-08,6.02885E-08,6.59499E-08,6.94404E-08,7.06591E-08,0
35,35,0.2,0.1,30,32,0.2,0.2,2.5,4,3,1.5,5.5,0,1,1,0.1,0.1,1,1,10,0.000555712,0.000558791,0.000568659,0,0,0,0.00117077,0.0011831,0.0011969,0.00121115,0.00122585,0,3.99709E-08,3.76943E-08,3.23509E-08,0,0,0,4.0985E-08,4.98101E-08,5.62357E-08,6.02385E-08,6.17986E-08,0
55,35,0.1,0.2,28,20,0.1,0.1,1.5,4,3,2,3,0,1,1,0.1,0.1,1,1,10,0.000594604,0.000603703,0.000619314,0,0,0,0.000490329,0.000486228,0.000486348,0.000490984,0.000501502,0,9.03908E-09,7.96535E-09,5.81447E-09,0,0,0,3.22187E-08,3.86E-08,4.32026E-08,4.59645E-08,4.68056E-08,0
20,15,0.3,0.1,30,10,0.2,0.1,1,3,3.5,4,5.5,0,1,2,0.1,0.1,1,1,10,0.000351116,0.000365799,0.000441977,0,0,0,0.00156282,0.0015855,0.00160671,0.00162562,0.0016425,0,1.74338E-08,1.4214E-08,6.23209E-09,0,0,0,4.0569E-08,4.76206E-08,5.26416E-08,5.56151E-08,5.65137E-08,0
65,50,0.2,0.3,34,36,0.3,0.3,1,1,4.5,1.5,5.5,0,1,1,0.1,0.1,2,1,10,0.000300378,0.000311852,0.000353906,0,0,0,0.000409503,0.00036866,0.000343279,0.000334274,0.000344737,0,1.68475E-08,1.45753E-08,9.56542E-09,0,0,0,1.42238E-08,2.65145E-08,3.56075E-08,4.13617E-08,4.34723E-08,0
60,50,0.1,0.2,64,12,0.2,0.1,0.5,4,5,2,3.5,0,1,1,0.1,0.1,1,1,10,0.000594198,0.00060448,0.000620987,0,0,0,0.000390089,0.000384347,0.000382026,0.000383111,0.000387888,0,7.36514E-09,5.91686E-09,3.00199E-09,0,0,0,1.02116E-08,1.60181E-08,2.03202E-08,2.30806E-08,2.42494E-08,0
45,45,0.1,0.2,58,20,0.1,0.2,5.5,2,3.5,1.5,5.5,0,1,1,0.1,0.1,1,1,10,0.000844551,0.000846628,0.000848475,0,0,0,0.000520339,0.000523488,0.000530196,0.000539985,0.000553649,0,5.89438E-08,5.80528E-08,5.59784E-08,0,0,0,6.55144E-08,7.51643E-08,8.22436E-08,8.66583E-08,8.83096E-08,0
30,30,0.1,0.3,20,6,0.3,0.1,4.5,2,4.5,3,5,0,1,1,0.1,0.1,2,1,10,0.000474679,0.000483987,0.000492198,0,0,0,0.000289409,0.000277439,0.000271805,0.000272492,0.000280753,0,2.85693E-08,2.76832E-08,2.54775E-08,0,0,0,3.68999E-08,4.31851E-08,4.78268E-08,5.07058E-08,5.1672E-08,0
60,35,0.2,0.3,70,14,0.3,0.1,0.5,4,6,3.5,5,0,1,1,0.1,0.1,2,1,10,0.000406055,0.000437942,0.000591976,0,0,0,0.000507892,0.000537424,0.000454571,0.000449177,0.000459317,0,1.1646E-08,8.30231E-09,-4.1881E-10,0,0,0,2.38278E-08,3.49951E-08,4.38681E-08,4.91737E-08,5.10695E-08,0
40,30,0.2,0.1,80,40,0.1,0.2,6,3,6,2,5.5,0,1,1,0.1,0.1,1,1,10,0.000749276,0.000751715,0.000763274,0,0,0,0.0024722,0.00249889,0.00252107,0.00253744,0.00255151,0,1.00875E-07,9.82574E-08,9.24355E-08,0,0,0,1.90644E-07,2.05412E-07,2.15583E-07,2.21076E-07,2.21875E-07,0
25,20,0.1,0.3,38,16,0.1,0.1,3,1,4.5,1.5,3.5,0,1,1,0.1,0.1,2,1,10,0.000998521,0.00100489,0.00101147,0,0,0,0.000682042,0.000651093,0.000632784,0.000626483,0.000634349,0,4.58026E-08,4.45362E-08,4.18269E-08,0,0,0,5.21562E-08,6.55656E-08,7.52322E-08,8.10041E-08,8.26506E-08,0
40,25,0.1,0.2,50,22,0.2,0.3,2,3.5,6,3,3,0,1,1,0.1,0.1,1,1,10,0.000951894,0.000967667,0.000997014,0,0,0,0.000914181,0.000932315,0.000953813,0.000977911,0.00100612,0,2.61957E-08,2.38962E-08,1.91919E-08,0,0,0,5.89018E-08,7.62342E-08,8.85465E-08,9.56578E-08,9.72539E-08,0
30,20,0.2,0.3,68,12,0.1,0.3,2.5,2.5,4.5,4,6,0,1,1,0.1,0.1,2,1,10,0.000575323,0.000581549,0.000602795,0,0,0,0.000904533,0.000891529,0.000892933,0.000910321,0.0009473,0,4.24716E-08,4.01969E-08,3.52637E-08,0,0,0,7.15086E-08,9.55535E-08,1.12698E-07,1.22664E-07,1.247E-07,0
20,15,0.1,0.1,32,10,0.3,0.2,0.5,1.5,3.5,1,4,0,1,1,0.1,0.1,1,1,10,0.000975979,0.00100495,0.00105191,0,0,0,0.0014168,0.00144573,0.001474,0.00149982,0.0015227,0,1.39181E-08,1.09403E-08,4.73763E-09,0,0,0,1.73957E-08,2.73342E-08,3.45617E-08,3.90353E-08,4.06773E-08,0
45,40,0.3,0.3,58,24,0.3,0.2,3.5,3,5.5,4,5.5,0,1,2,0.1,0.1,2,1,10,0.000320188,0.000321178,0.000337607,0,0,0,0.00053962,0.000508329,0.000490124,0.000486333,0.000500411,0,4.73989E-08,4.43195E-08,3.72401E-08,0,0,0,6.11506E-08,7.51161E-08,8.52751E-08,9.14823E-08,9.34294E-08,0
45,45,0.2,0.1,36,18,0.1,0.2,2.5,1.5,5,2,5,0,1,1,0.1,0.1,1,1,10,0.000306238,0.000308919,0.000313601,0,0,0,0.000662261,0.000671951,0.000681924,0.000691628,0.000700978,0,2.40585E-08,2.29692E-08,2.05771E-08,0,0,0,2.21144E-08,2.74618E-08,3.14235E-08,3.39786E-08,3.51037E-08,0
20,20,0.1,0.1,72,6,0.2,0.3,5,1.5,6,3.5,5.5,0,1,1,0.1,0.1,1,1,10,0.00166632,0.00166963,0.00167317,0,0,0,0.00194863,0.00198361,0.00201688,0.00204461,0.00206678,0,9.65925E-08,9.44594E-08,8.9126E-08,0,0,0,1.00431E-07,1.17004E-07,1.28896E-07,1.3604E-07,1.38356E-07,0
65,35,0.2,0.2,70,36,0.1,0.3,4.5,1,3,1,4,0,1,1,0.1,0.1,1,1,10,0.000442871,0.000453199,0.000496315,0,0,0,0.00102562,0.00103796,0.00105806,0.00108714,0.00113401,0,3.97869E-08,3.76186E-08,3.29089E-08,0,0,0,1.37663E-07,1.55545E-07,1.67976E-07,1.74709E-07,1.75309E-07,0
25,20,0.3,0.1,74,32,0.3,0.3,3,1,6,2.5,5.5,0,1,2,0.1,0.1,1,1,10,0.000717466,0.000710461,0.000740613,0,0,0,0.00284604,0.0029035,0.00294985,0.00298193,0.00300104,0,9.22268E-08,8.55963E-08,7.0482E-08,0,0,0,1.08058E-07,1.31461E-07,1.48012E-07,1.57633E-07,1.60239E-07,0
65,40,0.3,0.2,66,34,0.3,0.3,5.5,4,4.5,1,3.5,0,1,2,0.1,0.1,1,1,10,0.000276301,0.000289683,0.000377053,0,0,0,0.00095323,0.000958511,0.000972618,0.000996199,0.0010388,0,4.88586E-08,4.57829E-08,3.7809E-08,0,0,0,1.49717E-07,1.66238E-07,1.77662E-07,1.8378E-07,1.84176E-07,0
65,45,0.1,0.3,22,34,0.3,0.2,6,2.5,5,3,4.5,0,1,1,0.1,0.1,2,1,10,0.000521117,0.000528613,0.000542222,0,0,0,0.000580981,0.000504299,0.000462124,0.000452981,0.000489499,0,3.71718E-08,3.57164E-08,3.26529E-08,0,0,0,8.83077E-08,9.92303E-08,1.06808E-07,1.10951E-07,1.11203E-07,0
70,45,0.1,0.1,58,10,0.1,0.2,4.5,2,5.5,3,6,0,1,1,0.1,0.1,1,1,10,0.000458322,0.000462471,0.000469947,0,0,0,0.000852647,0.000866067,0.000878702,0.000890607,0.000903326,0,1.94825E-08,1.87078E-08,1.71435E-08,0,0,0,6.86821E-08,7.43183E-08,7.83049E-08,8.0595E-08,8.11579E-08,0
60,55,0.1,0.3,26,14,0.2,0.2,0.5,2,5,1.5,3,0,1,1,0.1,0.1,2,1,10,0.000337148,0.000342744,0.000349357,0,0,0,0.000183658,0.000170121,0.000161251,0.000157351,0.000158569,0,7.00037E-09,6.24992E-09,4.70871E-09,0,0,0,1.30819E-09,6.81712E-09,1.0989E-08,1.37511E-08,1.5008E-08,0
40,35,0.1,0.3,36,40,0.2,0.2,1,3,6,2,4.5,0,1,1,0.1,0.1,2,1,10,0.00105251,0.00106067,0.00107297,0,0,0,0.000658931,0.00058674,0.000539066,0.000514453,0.000514965,0,2.88675E-08,2.66967E-08,2.21452E-08,0,0,0,1.03228E-08,2.67679E-08,3.88804E-08,4.65444E-08,4.95198E-08,0
70,40,0.1,0.1,40,36,0.3,0.2,5,1,3,1.5,5.5,0,1,1,0.1,0.1,1,1,10,0.000642028,0.000651646,0.000680775,0,0,0,0.00131711,0.00133272,0.00134801,0.00136304,0.00138075,0,3.05135E-08,2.83596E-08,2.38814E-08,0,0,0,1.14047E-07,1.22015E-07,1.27473E-07,1.30364E-07,1.30668E-07,0
20,15,0.2,0.1,76,34,0.2,0.1,1.5,2.5,6,1,5,0,1,1,0.1,0.1,1,1,10,0.0013026,0.00131061,0.00136604,0,0,0,0.00378381,0.00381564,0.00384254,0.00386291,0.00387763,0,6.23531E-08,5.57371E-08,4.10882E-08,0,0,0,9.85512E-08,1.14886E-07,1.26341E-07,1.32914E-07,1.34594E-07,0
20,20,0.2,0.3,50,12,0.2,0.2,1.5,1.5,3.5,4,3.5,0,1,1,0.1,0.1,2,1,10,0.000729438,0.000731514,0.000734832,0,0,0,0.00076812,0.000682931,0.000636045,0.000613126,0.000612615,0,4.51675E-08,4.22727E-08,3.55306E-08,0,0,0,1.79477E-08,3.65591E-08,5.02237E-08,5.89342E-08,6.24234E-08,0
20,15,0.3,0.1,34,6,0.1,0.2,5,2,5,2,6,0,1,2,0.1,0.1,1,1,10,0.000341763,0.000345288,0.000360187,0,0,0,0.00182232,0.0018607,0.00189199,0.00191478,0.00193037,0,5.12595E-08,4.9519E-08,4.51259E-08,0,0,0,1.0725E-07,1.17212E-07,1.24094E-07,1.2781E-07,1.28301E-07,0
50,30,0.1,0.1,28,14,0.3,0.1,2,4,5,2,6,0,1,1,0.1,0.1,1,1,10,0.000558637,0.000577474,0.000619336,0,0,0,0.000936856,0.000946803,0.000956488,0.000965829,0.000975441,0,1.08055E-08,8.80326E-09,4.62411E-09,0,0,0,4.56059E-08,4.99109E-08,5.29607E-08,5.47369E-08,5.52215E-08,0
20,20,0.1,0.1,46,10,0.2,0.1,2,1.5,3,2.5,3,0,1,1,0.1,0.1,1,1,10,0.00122872,0.00123801,0.00124571,0,0,0,0.00135501,0.00137159,0.00138827,0.00140419,0.00141896,0,3.65397E-08,3.44528E-08,2.97859E-08,0,0,0,3.85599E-08,4.54916E-08,5.05621E-08,5.37598E-08,5.50707E-08,0
35,30,0.1,0.3,46,22,0.2,0.3,6,3.5,5,4,4,0,1,1,0.1,0.1,2,1,10,0.00103508,0.0010389,0.00104176,0,0,0,0.000688261,0.000662996,0.000651806,0.000657286,0.000684404,0,7.53678E-08,7.38471E-08,7.01723E-08,0,0,0,1.02095E-07,1.21158E-07,1.34816E-07,1.4284E-07,1.44664E-07,0
55,50,0.1,0.3,24,36,0.2,0.3,2.5,2.5,5,3,4.5,0,1,1,0.1,0.1,2,1,10,0.000644737,0.000650219,0.000658221,0,0,0,0.000468621,0.000400789,0.000355664,0.000333141,0.000337035,0,3.00574E-08,2.88083E-08,2.61332E-08,0,0,0,2.00548E-08,3.23793E-08,4.15038E-08,4.72936E-08,4.94966E-08,0
30,30,0.3,0.2,38,12,0.1,0.3,6,1.5,4.5,3.5,5,0,1,2,0.1,0.1,1,1,10,0.000327956,0.000329041,0.000340856,0,0,0,0.000587861,0.000601721,0.000616853,0.000633066,0.000651327,0,6.22476E-08,6.08381E-08,5.69576E-08,0,0,0,7.3813E-08,8.59518E-08,9.47974E-08,1.00182E-07,1.01895E-07,0
50,35,0.2,0.1,20,22,0.1,0.3,6,3,4.5,3,3.5,0,1,1,0.1,0.1,1,1,10,0.00025971,0.000264113,0.000276202,0,0,0,0.00107934,0.00109981,0.00111875,0.00113553,0.00115259,0,3.31695E-08,3.21918E-08,3.00288E-08,0,0,0,8.88945E-08,9.73014E-08,1.03145E-07,1.0633E-07,1.06796E-07,0
45,35,0.1,0.1,30,16,0.2,0.2,3.5,2,4,2,3,0,1,1,0.1,0.1,1,1,10,0.000516621,0.000523413,0.00053246,0,0,0,0.000865558,0.000880338,0.000893983,0.000906331,0.000918318,0,2.22254E-08,2.11174E-08,1.88072E-08,0,0,0,4.89941E-08,5.48449E-08,5.90362E-08,6.15235E-08,6.22738E-08,0
45,40,0.3,0.1,54,32,0.3,0.1,5.5,1,4,2.5,6,0,1,2,0.1,0.1,1,1,10,0.000352164,0.000353574,0.000370098,0,0,0,0.00133709,0.00134564,0.0013538,0.00136142,0.0013697,0,6.57638E-08,6.24229E-08,5.49415E-08,0,0,0,1.05953E-07,1.12041E-07,1.16345E-07,1.1884E-07,1.19522E-07,0
20,20,0.3,0.3,44,40,0.3,0.3,6,4,5.5,2.5,3,0,1,2,0.1,0.1,2,1,10,0.00102121,0.00101112,0.00104446,0,0,0,0.00132257,0.00126492,0.00123505,0.00123149,0.00125815,0,1.72833E-07,1.67988E-07,1.5286E-07,0,0,0,1.7287E-07,2.07407E-07,2.31768E-07,2.45667E-07,2.48368E-07,0
20,20,0.2,0.2,56,18,0.3,0.2,2.5,4,3,1,3,0,1,1,0.1,0.1,1,1,10,0.00096749,0.000971413,0.000973411,0,0,0,0.00108315,0.00109974,0.00112072,0.00114161,0.00116125,0,6.6413E-08,6.20463E-08,5.14075E-08,0,0,0,7.05859E-08,8.95491E-08,1.033E-07,1.11747E-07,1.14744E-07,0
50,50,0.3,0.2,76,18,0.1,0.1,5.5,1.5,4,1,3.5,0,1,2,0.1,0.1,1,1,10,0.000305915,0.000319263,0.000350827,0,0,0,0.000528319,0.000523406,0.000521638,0.000522973,0.000528384,0,5.97274E-08,5.77801E-08,5.3354E-08,0,0,0,7.72705E-08,8.47762E-08,9.02873E-08,9.37537E-08,9.51281E-08,0
55,50,0.2,0.3,78,6,0.2,0.1,5,4,3,1,4.5,0,1,1,0.1,0.1,2,1,10,0.000322974,0.000331534,0.000333928,0,0,0,0.000409461,0.000431749,0.000387203,0.000352026,0.000357367,0,4.09772E-08,3.92656E-08,3.57435E-08,0,0,0,7.0205E-08,7.86507E-08,8.52224E-08,8.94682E-08,9.09272E-08,0
60,45,0.3,0.3,74,6,0.3,0.1,4,2.5,5.5,2,4,0,1,2,0.1,0.1,2,1,10,0.00018343,0.000199197,0.00023007,0,0,0,0.000508663,0.000402332,0.000412087,0.000386161,0.000402293,0,2.92571E-08,2.69672E-08,2.19027E-08,0,0,0,6.5457E-08,7.45056E-08,8.04343E-08,8.42544E-08,8.51147E-08,0
20,15,0.3,0.3,36,14,0.3,0.3,1.5,4,5,1,3.5,0,1,2,0.1,0.1,2,1,10,0.000455841,0.000464642,0.000506968,0,0,0,0.000886193,0.000876537,0.000875691,0.000880672,0.000889866,0,4.29213E-08,3.83513E-08,2.76533E-08,0,0,0,4.39096E-08,6.89639E-08,8.71087E-08,9.80942E-08,1.01392E-07,0
40,40,0.2,0.2,52,12,0.2,0.3,3,2.5,4.5,1.5,5,0,1,1,0.1,0.1,1,1,10,0.000388664,0.000390698,0.000394444,0,0,0,0.000446144,0.000452945,0.000462931,0.000474739,0.000488,0,3.544E-08,3.38085E-08,3.00315E-08,0,0,0,3.16227E-08,4.23517E-08,5.03151E-08,5.54144E-08,5.75164E-08,0
30,25,0.1,0.3,46,18,0.3,0.2,1,2.5,5,2,3,0,1,1,0.1,0.1,2,1,10,0.00100652,0.00101885,0.00103593,0,0,0,0.00059307,0.000563811,0.000548176,0.000544313,0.000552773,0,2.65958E-08,2.38343E-08,1.79967E-08,0,0,0,1.69934E-08,3.31082E-08,4.49615E-08,5.24126E-08,5.51779E-08,0
40,25,0.3,0.1,54,10,0.2,0.2,4.5,3,3,1,5,0,1,2,0.1,0.1,1,1,10,0.000250543,0.000263289,0.000320845,0,0,0,0.00160451,0.00163396,0.00165989,0.00168153,0.00170115,0,3.59685E-08,3.35375E-08,2.75926E-08,0,0,0,1.16955E-07,1.2639E-07,1.3294E-07,1.3653E-07,1.37124E-07,0
35,35,0.2,0.1,26,30,0.1,0.3,6,1.5,6,1.5,4,0,1,1,0.1,0.1,1,1,10,0.000526001,0.000529381,0.000540012,0,0,0,0.00115003,0.00117039,0.0011901,0.00120811,0.00122506,0,7.40834E-08,7.27049E-08,6.92628E-08,0,0,0,7.43846E-08,8.50691E-08,9.2793E-08,9.74919E-08,9.9107E-08,0
45,30,0.3,0.2,52,38,0.1,0.3,6,4,3.5,3.5,4.5,0,1,2,0.1,0.1,1,1,10,0.00038594,0.000390058,0.0004285,0,0,0,0.00125174,0.00125843,0.00127515,0.00130173,0.00134873,0,7.19045E-08,6.94728E-08,6.3539E-08,0,0,0,1.70794E-07,1.90826E-07,2.04444E-07,2.11401E-07,2.11268E-07,0
55,45,0.3,0.2,24,32,0.1,0.1,4,4,5,1.5,3,0,1,2,0.1,0.1,1,1,10,0.000220669,0.000229394,0.000263632,0,0,0,0.000572279,0.000552582,0.000542012,0.000540632,0.000551956,0,3.11172E-08,2.95848E-08,2.59611E-08,0,0,0,6.32483E-08,6.99018E-08,7.46075E-08,7.72996E-08,7.79205E-08,0
45,25,0.1,0.3,64,34,0.2,0.2,3.5,4,4,1.5,4.5,0,1,1,0.1,0.1,2,1,10,0.00117259,0.00118757,0.00121847,0,0,0,0.00109715,0.00105161,0.00103464,0.00104839,0.00110365,0,4.60779E-08,4.32863E-08,3.75505E-08,0,0,0,1.35891E-07,1.5893E-07,1.74785E-07,1.83251E-07,1.83501E-07,0
20,20,0.3,0.2,40,32,0.3,0.2,4,3.5,6,3,6,0,1,2,0.1,0.1,1,1,10,0.00083045,0.000818432,0.000835394,0,0,0,0.00131088,0.00132527,0.00134407,0.00136428,0.00138715,0,1.04075E-07,9.9704E-08,8.67879E-08,0,0,0,1.07501E-07,1.27272E-07,1.41167E-07,1.49033E-07,1.50701E-07,0
20,20,0.1,0.1,40,16,0.1,0.3,6,1,6,2,3,0,1,1,0.1,0.1,1,1,10,0.0014156,0.00141969,0.00142216,0,0,0,0.00170366,0.00174833,0.00178705,0.00181739,0.0018391,0,1.01328E-07,1.00018E-07,9.68574E-08,0,0,0,1.0059E-07,1.15567E-07,1.26364E-07,1.32899E-07,1.35077E-07,0
55,45,0.2,0.3,60,6,0.3,0.1,3,4,3.5,3.5,4.5,0,1,1,0.1,0.1,2,1,10,0.000263491,0.000271755,0.000283459,0,0,0,0.000438871,0.000386861,0.000353003,0.000336677,0.000341882,0,2.1407E-08,1.95699E-08,1.56631E-08,0,0,0,4.46715E-08,5.24629E-08,5.81402E-08,6.16158E-08,6.26894E-08,0
40,35,0.1,0.2,50,18,0.1,0.2,2.5,2,5,3,4.5,0,1,1,0.1,0.1,1,1,10,0.000778903,0.000782905,0.000787513,0,0,0,0.000564644,0.000567858,0.000573441,0.000581273,0.000592276,0,2.99276E-08,2.88957E-08,2.67103E-08,0,0,0,3.44984E-08,4.45693E-08,5.19459E-08,5.65291E-08,5.82104E-08,0
20,20,0.3,0.1,42,34,0.3,0.2,3,2.5,4,3.5,3.5,0,1,2,0.1,0.1,1,1,10,0.000811976,0.000802834,0.000823578,0,0,0,0.00233082,0.00236517,0.00239663,0.00242282,0.00244382,0,8.8543E-08,8.3062E-08,6.89034E-08,0,0,0,8.95884E-08,1.05295E-07,1.16479E-07,1.23116E-07,1.25175E-07,0
30,25,0.2,0.3,64,40,0.2,0.1,6,2.5,5.5,4,4.5,0,1,1,0.1,0.1,2,1,10,0.000979501,0.000975549,0.000976935,0,0,0,0.00120337,0.0011327,0.00109381,0.00108438,0.00111315,0,1.30066E-07,1.26674E-07,1.18225E-07,0,0,0,1.72781E-07,1.94004E-07,2.0867E-07,2.16587E-07,2.17344E-07,0
25,15,0.3,0.1,64,20,0.3,0.1,5.5,1.5,4.5,3.5,4.5,0,1,2,0.1,0.1,1,1,10,0.000563752,0.000557726,0.000595222,0,0,0,0.00343437,0.0034656,0.0034897,0.00350466,0.00351329,0,8.93273E-08,8.45242E-08,7.28417E-08,0,0,0,2.33914E-07,2.45565E-07,2.532E-07,2.5676E-07,2.56255E-07,0
25,15,0.1,0.2,72,16,0.2,0.1,4,3,3,3,5,0,1,1,0.1,0.1,1,1,10,0.00154293,0.00155377,0.00157087,0,0,0,0.00188726,0.00190108,0.00191736,0.00193357,0.00195627,0,6.53508E-08,6.24056E-08,5.60117E-08,0,0,0,1.8044E-07,1.98335E-07,2.10327E-07,2.16256E-07,2.16022E-07,0
30,25,0.3,0.2,32,24,0.3,0.1,2,3.5,3,1,4.5,0,1,2,0.1,0.1,1,1,10,0.000365383,0.000370069,0.000406551,0,0,0,0.000818829,0.000814777,0.000815633,0.00082098,0.000832825,0,3.28413E-08,2.915E-08,2.0548E-08,0,0,0,5.50001E-08,6.50423E-08,7.22113E-08,7.64243E-08,7.76063E-08,0
45,40,0.1,0.2,26,30,0.2,0.3,5,2.5,3,4,5,0,1,1,0.1,0.1,1,1,10,0.000738549,0.000742545,0.00074731,0,0,0,0.000588865,0.000586452,0.000590535,0.000600889,0.000620773,0,4.87192E-08,4.74848E-08,4.46836E-08,0,0,0,6.16383E-08,7.32832E-08,8.1697E-08,8.67187E-08,8.81526E-08,0
40,35,0.1,0.3,42,24,0.3,0.3,1.5,1,4.5,1.5,5,0,1,1,0.1,0.1,2,1,10,0.000786871,0.000794751,0.000803899,0,0,0,0.000456067,0.000430076,0.000415306,0.00041155,0.00041979,0,2.92041E-08,2.7046E-08,2.25384E-08,0,0,0,1.33957E-08,2.8429E-08,3.95973E-08,4.67425E-08,4.95702E-08,0
55,40,0.3,0.3,72,28,0.2,0.2,1,1,3,1.5,5,0,1,2,0.1,0.1,2,1,10,0.000293032,0.000312745,0.000410449,0,0,0,0.000538211,0.000507778,0.000491614,0.00049058,0.000507148,0,2.09129E-08,1.78672E-08,1.01831E-08,0,0,0,2.88791E-08,4.39156E-08,5.49661E-08,6.18819E-08,6.43329E-08,0
60,40,0.3,0.1,42,34,0.2,0.1,3.5,4,5,2,3.5,0,1,2,0.1,0.1,1,1,10,0.000253369,0.000269076,0.000355206,0,0,0,0.0012906,0.00129878,0.00130708,0.00131542,0.00132524,0,2.72137E-08,2.47745E-08,1.83657E-08,0,0,0,9.18417E-08,9.75126E-08,1.0146E-07,1.03659E-07,1.04106E-07,0
50,35,0.1,0.3,64,28,0.2,0.2,6,2,3.5,1,5,0,1,1,0.1,0.1,2,1,10,0.000865106,0.000870825,0.000878857,0,0,0,0.00077077,0.000726796,0.000706722,0.000711592,0.000751572,0,6.32876E-08,6.14934E-08,5.77537E-08,0,0,0,1.30943E-07,1.47763E-07,1.59496E-07,1.66031E-07,1.66766E-07,0
35,20,0.3,0.2,68,38,0.1,0.3,2.5,2,6,1,4.5,0,1,2,0.1,0.1,1,1,10,0.000527742,0.000551546,0.000669852,0,0,0,0.00166827,0.00170347,0.00173823,0.00177044,0.00180238,0,5.84731E-08,5.43424E-08,4.41895E-08,0,0,0,1.1507E-07,1.43485E-07,1.63163E-07,1.73869E-07,1.75223E-07,0
60,45,0.2,0.2,48,28,0.2,0.2,2.5,1.5,5.5,3.5,3.5,0,1,1,0.1,0.1,1,1,10,0.00032053,0.000327638,0.000353405,0,0,0,0.000533737,0.000534267,0.000538366,0.000546596,0.000561171,0,2.27406E-08,2.08361E-08,1.67384E-08,0,0,0,4.51291E-08,5.4238E-08,6.0817E-08,6.47632E-08,6.5948E-08,0
60,60,0.1,0.2,42,26,0.2,0.3,1.5,2,4,4,4.5,0,1,1,0.1,0.1,1,1,10,0.000571677,0.000575561,0.000579599,0,0,0,0.000328546,0.00032342,0.000324166,0.000328322,0.000334502,0,2.01156E-08,1.8984E-08,1.65897E-08,0,0,0,6.42221E-09,1.49599E-08,2.13356E-08,2.55271E-08,2.74784E-08,0
45,35,0.1,0.2,58,18,0.3,0.1,2,2,4,2.5,5,0,1,1,0.1,0.1,1,1,10,0.000765477,0.000777173,0.000797808,0,0,0,0.000620906,0.000618882,0.000620404,0.00062575,0.000636813,0,2.19692E-08,1.96511E-08,1.48723E-08,0,0,0,4.45779E-08,5.26529E-08,5.84697E-08,6.19618E-08,6.30496E-08,0
40,25,0.2,0.2,62,30,0.2,0.3,6,3,5.5,1,4,0,1,1,0.1,0.1,1,1,10,0.000580056,0.000584695,0.000604342,0,0,0,0.00140256,0.00141353,0.00142994,0.00145096,0.00148339,0,8.16275E-08,7.87329E-08,7.23594E-08,0,0,0,1.79124E-07,2.01139E-07,2.1611E-07,2.2383E-07,2.2392E-07,0
50,45,0.3,0.3,58,18,0.1,0.3,4,2,3.5,2.5,6,0,1,2,0.1,0.1,2,1,10,0.000247121,0.000251433,0.000266007,0,0,0,0.000425708,0.00040353,0.000391605,0.000391429,0.000405998,0,4.14865E-08,3.98401E-08,3.60791E-08,0,0,0,5.05372E-08,6.40084E-08,7.39391E-08,8.01808E-08,8.2387E-08,0
45,40,0.2,0.2,70,34,0.2,0.3,3,3.5,6,4,5,0,1,1,0.1,0.1,1,1,10,0.000580654,0.000581148,0.000587959,0,0,0,0.000795413,0.000800158,0.000808819,0.000820917,0.000838528,0,5.30534E-08,5.03041E-08,4.42349E-08,0,0,0,5.82036E-08,7.53844E-08,8.7888E-08,9.55647E-08,9.82045E-08,0
55,45,0.3,0.1,28,28,0.1,0.1,1.5,1,6,3,4.5,0,1,2,0.1,0.1,1,1,10,0.000187405,0.000200982,0.000241661,0,0,0,0.000747276,0.000750618,0.000754775,0.000759764,0.000765809,0,1.35236E-08,1.18931E-08,8.27359E-09,0,0,0,2.47187E-08,2.85097E-08,3.12715E-08,3.29893E-08,3.36527E-08,0
30,25,0.2,0.2,24,26,0.3,0.1,5,3,6,2.5,3.5,0,1,1,0.1,0.1,1,1,10,0.000535854,0.000537388,0.000545964,0,0,0,0.000911056,0.000897546,0.000892224,0.000893882,0.000905931,0,6.10387E-08,5.85149E-08,5.24185E-08,0,0,0,9.99087E-08,1.09747E-07,1.16575E-07,1.20293E-07,1.20828E-07,0
50,35,0.2,0.1,30,22,0.1,0.2,2,2.5,5.5,2.5,4,0,1,1,0.1,0.1,1,1,10,0.000302518,0.000311261,0.00033789,0,0,0,0.000929516,0.000944804,0.000959493,0.000973346,0.000986875,0,1.50234E-08,1.35927E-08,1.05268E-08,0,0,0,3.85458E-08,4.50714E-08,4.97628E-08,5.25798E-08,5.34902E-08,0
30,20,0.1,0.2,80,22,0.1,0.2,1,1.5,3.5,1,3.5,0,1,1,0.1,0.1,1,1,10,0.0015611,0.0015776,0.00160482,0,0,0,0.00128534,0.00129619,0.00131432,0.00133723,0.00136481,0,2.75359E-08,2.4974E-08,1.98485E-08,0,0,0,4.29892E-08,6.41751E-08,7.93784E-08,8.84768E-08,9.12308E-08,0
70,55,0.2,0.1,70,26,0.2,0.1,4,2.5,5.5,2,3.5,0,1,1,0.1,0.1,1,1,10,0.000323135,0.000328642,0.000348094,0,0,0,0.000979543,0.000985817,0.000991986,0.000997974,0.00100472,0,2.91388E-08,2.72593E-08,2.32476E-08,0,0,0,7.40469E-08,7.86982E-08,8.20111E-08,8.39675E-08,8.45606E-08,0
70,55,0.1,0.2,30,26,0.2,0.2,2.5,2.5,3,2.5,3.5,0,1,1,0.1,0.1,1,1,10,0.000448256,0.000454435,0.00046453,0,0,0,0.000369436,0.000365559,0.000365679,0.00037013,0.000380798,0,1.47482E-08,1.37012E-08,1.15671E-08,0,0,0,3.1014E-08,3.74379E-08,4.21188E-08,4.49821E-08,4.59268E-08,0
60,40,0.1,0.1,64,18,0.2,0.1,0.5,3,4.5,1.5,6,0,1,1,0.1,0.1,1,1,10,0.000792106,0.000808685,0.000846846,0,0,0,0.000971669,0.000976151,0.000981443,0.000987562,0.000994573,0,6.71056E-09,4.47383E-09,-6.6085E-11,0,0,0,1.79762E-08,2.31638E-08,2.69769E-08,2.9399E-08,3.04108E-08,0
